lng,lat,maydoni,narxi
69.1489148,41.3560707,123.5,155750.0
69.154116,41.2630748,94.0,85000.0
69.155375,41.256626,93.66666666666667,53666.666666666664
69.1566894,41.3178861,63.333333333333336,37344.444444444445
69.1576663,41.2821153,81.26086956521739,50782.608695652176
69.1601855,41.3059159,85.0,52500.0
69.1602624,41.2654467,66.034,48840.0
69.1619116,41.2942023,85.0,45000.0
69.162198,41.260048,76.37837837837837,48610.81081081081
69.1634633,41.2627949,61.0,51500.0
69.1638237,41.2606228,77.53842105263158,50784.21052631579
69.1640609,41.2819493,80.0,36000.0
69.164452,41.297802,95.0,39000.0
69.1647666,41.262123,65.5,43708.333333333336
69.165259,41.343321,78.0,48000.0
69.1654401,41.2985463,65.0,33000.0
69.1654767,41.287777,69.5,47000.0
69.1660888,41.2871464,56.0,40500.0
69.1670599,41.2701173,70.0,50000.0
69.1670599,41.2797359,67.0,46509.78431372549
69.167754,41.2459068,60.0,47000.0
69.167805,41.3345513,68.25,39000.0
69.1687783,41.3277954,72.0,38000.0
69.1689332,41.3488728,40.41,25000.0
69.169096,41.284586,57.0,36533.333333333336
69.1692951,41.2879715,54.32142857142857,35678.57142857143
69.1700401,41.3379756,68.19125,49750.0
69.1700401,41.3451812,96.27272727272727,69636.36363636363
69.1703261,41.3211218,63.0,41000.0
69.1704754,41.3397875,73.75,47375.0
69.1711557,41.2636404,57.0,42000.0
69.1712737,41.2796609,65.0,32000.0
69.1730881,41.2937955,54.23333333333333,34000.0
69.1731127,41.2757257,57.0,35000.0
69.1732997,41.2946618,33.0,23700.0
69.1737654,41.2924208,52.472368421052636,36134.21052631579
69.1755815,41.3386832,71.0,45000.0
69.1760005,41.2814223,64.49297297297296,42814.86486486487
69.1767738,41.3054153,59.0,32000.0
69.1781265,41.2601131,62.083333333333336,41083.333333333336
69.1782823,41.2960146,63.0,37000.0
69.1785536,41.3531468,76.0,39500.0
69.1788116,41.3351574,96.0,72000.0
69.1789807,41.2771751,61.986486486486484,41910.81081081081
69.1789807,41.2867929,66.5858064516129,44599.032258064515
69.1804667,41.3036372,164.0,163500.0
69.1804708,41.259418,61.55117886178862,42773.170731707316
69.1804708,41.2978921,73.17305194805195,48589.61038961039
69.1806212,41.2815959,62.333333333333336,37166.666666666664
69.1811302,41.2904325,80.0,82000.0
69.1819609,41.2657122,61.57631578947369,39860.52631578947
69.1819609,41.3378221,95.66666666666667,48500.0
69.1820981,41.2895921,48.0,25500.0
69.182706,41.2953086,64.3240350877193,42064.0350877193
69.1829207,41.3234238,96.0,75000.0
69.183103,41.2884048,38.0,27500.0
69.1838618,41.3116519,41.5,25500.0
69.1839655,41.2902787,68.83636363636364,51597.163636363635
69.1840356,41.2730577,105.0,70000.0
69.1841336,41.2846997,76.0,63000.0
69.1841876,41.2998429,93.0,63500.0
69.1849411,41.2710841,66.53448275862068,45871.68965517241
69.1852899,41.3630364,94.0,65000.0
69.1871763,41.290141,59.46666666666667,37406.666666666664
69.1871884,41.2750057,63.5,36750.0
69.1879213,41.281265,69.04878048780488,50619.48780487805
69.1880751,41.2881302,66.875,46125.0
69.188987,41.329543,202.0,190750.0
69.1897839,41.2855233,64.0,37199.8
69.1909015,41.2770171,54.75471698113208,40456.56603773585
69.1909015,41.2962523,62.462222222222216,43907.38888888889
69.191274,41.2990269,48.0,39000.0
69.1916465,41.2729489,58.833333333333336,41345.833333333336
69.1916465,41.2885792,68.0,49500.0
69.1924284,41.2721373,33.0,24700.0
69.1926482,41.3595375,171.0,81000.0
69.1931366,41.3621443,62.855714285714285,36071.42857142857
69.1952565,41.3268984,80.2,57708.4
69.1953608,41.3539187,104.92,54000.0
69.1957173,41.3289988,40.0,23000.0
69.1959189,41.2573956,89.63636363636364,70300.0
69.1961168,41.271386,58.76190476190476,39773.01587301587
69.1962495,41.2769954,87.0,58066.0
69.1962565,41.3569165,75.0,45000.0
69.1965399,41.3572628,58.0,28000.0
69.196601,41.312128,100.0,68000.0
69.1968618,41.2829494,61.05769230769231,47192.28846153846
69.1968618,41.2901628,58.285714285714285,39946.93877551021
69.197332,41.344197,139.0,150000.0
69.1978864,41.2414368,44.8,34500.0
69.1980236,41.3525405,130.0,110000.0
69.1986802,41.2628493,80.0,45000.0
69.1986902,41.3693776,59.714285714285715,35871.42857142857
69.1988148,41.3453662,98.5,90000.0
69.199176,41.340191,277.5,135000.0
69.200587,41.274633,53.857142857142854,38759.183673469386
69.2009595,41.2882297,37.333333333333336,25600.0
69.2024657,41.2999039,54.5,45250.0
69.2027548,41.2828663,60.89,41000.0
69.20291280000001,41.2985011,54.339999999999996,44760.0
69.2033584,41.2758017,80.5,51500.0
69.2037311,41.3461242,119.66666666666667,116495.0
69.2042191,41.3654815,91.0,37000.0
69.2045116,41.2975496,30.0,22300.0
69.2048432,41.3227628,74.0,46500.0
69.204872,41.3004131,105.0,78500.0
69.2049339,41.369849,56.0,32500.0
69.2052868,41.2753331,82.72727272727273,72045.45454545454
69.2052901,41.2701928,75.0,87000.0
69.2058023,41.2798237,91.22465753424657,71339.38356164383
69.2058023,41.2894422,53.28169014084507,40301.366197183095
69.2058488,41.3416105,56.0,38000.0
69.2060044,41.2858241,91.0,72000.0
69.2060118,41.3408342,97.02666666666666,73833.33333333333
69.2060703,41.2780874,49.0,40850.0
69.2061177,41.2552519,28.0,21500.0
69.2061662,41.2787231,33.0,23000.0
69.2064303,41.2889954,35.0,28800.0
69.2070187,41.3476118,50.0,37000.0
69.2071097,41.2802074,120.0,135000.0
69.207112,41.301383,45.0,28000.0
69.2072329,41.28777,65.0,47000.0
69.2072923,41.262065,60.916666666666664,40645.833333333336
69.2074731,41.2950648,48.42857142857143,33971.42857142857
69.2080374,41.1917977,99.33333333333333,41333.333333333336
69.2084214,41.2215302,84.0,70000.0
69.2087824,41.2250464,76.0,45500.0
69.2087824,41.2948119,47.215384615384615,36670.53846153846
69.2087824,41.3620902,74.0,34000.0
69.2087824,41.3668928,49.43666666666667,29666.666666666668
69.2089098,41.3383647,107.0,48000.0
69.2091083,41.3591123,40.0,23500.0
69.2094809,41.3597078,60.504999999999995,35558.333333333336
69.2095274,41.1993034,96.0,34500.0
69.209936,41.3255401,70.0,45000.0
69.2101886,41.2710539,58.25,40583.333333333336
69.2102725,41.3275402,76.03448275862068,59103.44827586207
69.2104295,41.2376003,46.0,35000.0
69.2108312,41.3001561,68.0,54333.333333333336
69.2108826,41.2694847,69.33333333333333,61166.666666666664
69.2109705,41.2919198,47.5,35750.0
69.2116463,41.2829101,35.0,26500.0
69.2117625,41.2207926,120.0,59000.0
69.2117625,41.2304214,61.02,40160.0
69.2117625,41.2857552,49.114285714285714,39968.77142857143
69.2119047,41.2832134,78.85499999999999,59500.0
69.2120768,41.2932062,60.0,46500.0
69.2125566,41.2828581,54.0,39000.0
69.2127759,41.2805371,123.0,76500.0
69.2131752,41.2761383,51.6,40000.0
69.2138028,41.2221938,77.75,47125.0
69.2139976,41.1929191,80.0,40000.0
69.2139976,41.2013486,80.0,50000.0
69.214141,41.3495849,82.61,48000.0
69.2141965,41.3011445,60.666666666666664,52666.666666666664
69.2143264,41.3239274,74.2,48200.0
69.21519,41.322304,72.0,48000.0
69.2152083,41.2773103,76.94545454545454,63986.36363636364
69.2152603,41.2867872,50.0,33500.0
69.215877,41.363281,107.0,102000.0
69.2158903,41.1953929,52.0,34900.0
69.2166518,41.2969317,32.0,28500.0
69.2169777,41.224783,98.0,65000.0
69.2169777,41.2813259,114.5,76406.5
69.2169777,41.2837307,49.4,40740.0
69.2174899,41.3212016,55.0,26000.0
69.2177163,41.2788539,60.44444444444444,45173.555555555555
69.2177228,41.2916859,72.03921568627452,54803.92156862745
69.2177228,41.3589705,66.36923076923077,40519.230769230766
69.2179253,41.3361857,86.0,55000.0
69.2181845,41.3328804,200.0,250000.0
69.2183644,41.3327788,97.0,74333.33333333333
69.2184678,41.1949642,63.0,26500.0
69.2185447,41.2171775,100.0,50000.0
69.2187028,41.3638683,58.0,29500.0
69.2188229,41.2661878,72.0,43750.0
69.2190139,41.2874733,112.0,165000.0
69.2191177,41.3320029,66.33333333333333,44333.333333333336
69.2194973,41.2754647,82.5,50250.0
69.219556,41.205091,71.0,41500.0
69.2195852,41.3214877,120.0,75000.0
69.2201916,41.2967186,65.0,30000.0
69.2206777,41.2583157,62.0,37000.0
69.2207029,41.220067,80.04285714285713,46106.857142857145
69.2209268,41.3274311,83.4,73200.0
69.2217633,41.2814312,65.0,43500.0
69.2219986,41.3303764,79.0,48000.0
69.2221106,41.354136,58.0,46000.0
69.2222403,41.28106,48.0,34500.0
69.2222748,41.2830467,36.166666666666664,30700.0
69.2223058,41.2829686,40.5,31499.5
69.2232092,41.3239567,76.55199999999999,71331.92
69.2232173,41.2930954,72.0,60000.0
69.2232563,41.2912965,77.66666666666667,110833.33333333333
69.2233103,41.3115769,58.0,37000.0
69.223683,41.265874,61.5,42750.0
69.223683,41.2807837,54.88404494382023,39564.04494382023
69.223683,41.2855934,42.8,39142.2
69.223683,41.3240567,74.2,48600.0
69.2238884,41.3240339,70.0,44000.0
69.223963,41.2914153,55.57142857142857,43428.57142857143
69.2241603,41.2677499,50.0,65000.0
69.224369,41.2664757,80.0,42000.0
69.2245267,41.2759136,40.0,28757.14285714286
69.2248552,41.2825142,52.0,37400.0
69.2251673,41.2202309,85.92333333333333,57276.666666666664
69.2253766,41.2782761,30.0,27500.0
69.2254764,41.2638329,87.11935483870967,91489.74193548386
69.225679,41.336424,160.0,122500.0
69.2257684,41.2135863,78.75,52136.125
69.2261213,41.3390184,98.28571428571429,82571.42857142857
69.2266631,41.2115569,66.0,31507.0
69.2271036,41.2867814,31.0,24000.0
69.227256,41.300608,76.0,45000.0
69.2278644,41.2062435,80.57142857142857,54428.57142857143
69.2281531,41.210633,72.546,41719.34
69.2281531,41.3645355,82.98538461538462,58296.346153846156
69.2283298,41.2894304,121.5,190833.33333333334
69.2284681,41.287044,80.0,85000.0
69.228478,41.270004,55.5,52977.77777777778
69.2287251,41.2824708,56.0,37500.0
69.2288981,41.207763,50.0,37000.0
69.2288981,41.2847707,56.94738095238095,43447.357142857145
69.2290098,41.2885649,64.46341463414635,56578.04878048781
69.2291542,41.2870921,120.0,56000.0
69.2301088,41.3058116,91.4,79600.0
69.2303882,41.3187089,85.18181818181819,67481.81818181818
69.230515,41.2995849,120.0,135000.0
69.2312263,41.3162377,71.876,49600.0
69.2315918,41.3399988,98.715,83250.0
69.2320856,41.3273237,62.75,44000.0
69.2325079,41.2703942,72.0,47500.0
69.2326232,41.2126773,77.66666666666667,39666.666666666664
69.232777,41.26605,80.0,75000.0
69.2328752,41.3661134,70.0,41000.0
69.2334902,41.3248528,92.5,73500.0
69.2347072,41.3305443,93.25,81249.75
69.2349547,41.304453,104.0,60000.0
69.2352546,41.2683685,55.0,65000.0
69.2356033,41.357531,62.05888888888889,36722.22222222222
69.2358398,41.3253322,341.0,250000.0
69.2361597,41.2907835,64.73333333333333,63032.6
69.2363483,41.363075,69.21714285714286,42642.857142857145
69.2365238,41.3057929,70.4,53400.0
69.2368973,41.3141622,88.79565217391304,63252.17391304348
69.2386868,41.186375,188.0,70000.0
69.2387696,41.305712,47.5,34500.0
69.2389163,41.2966126,80.0,66000.0
69.2400734,41.2994958,62.2325,43227.75
69.240584,41.2865169,56.75,56812.5
69.2409026,41.2774311,75.0,55000.0
69.2411909,41.3102239,90.25,84125.0
69.2412509,41.3160468,100.0,73000.0
69.2414123,41.3187145,130.0,94000.0
69.2415634,41.2167651,57.17142857142857,34142.857142857145
69.2415634,41.2673079,72.9375,50569.642857142855
69.2419499,41.3114122,116.13399999999999,90500.0
69.2419628,41.3424629,59.4,43600.0
69.242368,41.312785,100.0,66500.0
69.242896,41.267694,64.5,35850.0
69.2429048,41.3112812,71.66666666666667,44916.666666666664
69.243045,41.28803,90.0,75000.0
69.2431373,41.2820131,29.0,25000.0
69.243334,41.32025,48.0,65000.0
69.243421,41.2658719,83.0,77000.0
69.243806,41.3376966,69.8,40940.0
69.2441976,41.3017691,52.06,35400.0
69.2442985,41.2844088,20.0,14500.0
69.2444745,41.3167855,48.0,69000.0
69.2447233,41.2901355,148.0,230000.0
69.244895,41.3067057,140.0,103500.0
69.245305,41.2933182,90.0,89999.5
69.2454228,41.2876117,97.23076923076923,94153.84615384616
69.2460335,41.2765672,88.93548387096774,83845.51612903226
69.2463117,41.2616913,57.74,30000.0
69.2469102,41.2952816,45.0,40000.0
69.2472209,41.2880568,66.0,62500.0
69.2473656,41.2773019,95.03666666666668,89033.33333333333
69.2475081,41.3275084,92.0,50000.0
69.2475235,41.3333453,76.74074074074075,65722.22222222222
69.2475767,41.3408681,59.31,40000.0
69.2480426,41.2614743,62.0,28000.0
69.24811,41.3272955,81.8,62240.0
69.2484841,41.316655,96.5,114000.0
69.2484865,41.2999586,59.5,53929.0
69.2487178,41.3090172,87.5,111000.0
69.2489174,41.2788969,69.0,57750.0
69.2492835,41.3108248,80.0,75000.0
69.2494578,41.2978698,70.0,77500.0
69.2494613,41.2894034,72.5,63500.0
69.2499664,41.3036854,105.0,126000.0
69.2499956,41.2110233,24.0,15500.0
69.2500841,41.3312214,100.0,71000.0
69.2502778,41.2847222,65.0,60500.0
69.250422,41.331895,69.78571428571429,45914.28571428572
69.2505036,41.3242925,84.5,61324.95
69.2512486,41.2697288,77.66666666666667,51680.555555555555
69.2517707,41.348243,42.0,35000.0
69.2527386,41.3289182,109.97,99019.09523809524
69.2533368,41.2668342,67.0,43500.0
69.2534409,41.3068527,76.33333333333333,63833.333333333336
69.2535719,41.2851776,51.965,32850.0
69.2537035,41.3546349,73.0,55000.0
69.2540609,41.3199434,83.375,77750.0
69.254078,41.355277,75.5,45000.0
69.2546579,41.3364873,83.18,55000.0
69.2550774,41.3493781,90.0,120000.0
69.2550845,41.3255305,64.75,52425.0
69.2552666,41.2818558,74.34482758620689,66814.74712643678
69.2552731,41.2955315,45.0,40000.0
69.2560774,41.3432641,110.0,63500.0
69.2567896,41.2823082,67.0,47000.0
69.2569758,41.2801633,59.0,52000.0
69.257071,41.320933,30.0,38500.0
69.2571715,41.28889,45.0,51750.0
69.2576355,41.2891883,52.0,41000.0
69.2577907,41.2886404,52.0,54000.0
69.2580291,41.2851023,110.0,285000.0
69.2582738,41.2892951,80.0,60200.0
69.2585422,41.2843902,113.85714285714286,128128.57142857143
69.2585528,41.2732104,55.5,36000.0
69.2586109,41.3011374,28.0,29000.0
69.2590749,41.2979414,93.5,151449.0
69.2595082,41.2986859,111.88888888888889,90555.55555555556
69.259765,41.3082169,85.0,84000.0
69.2599528,41.2712978,70.0,45000.0
69.259963,41.3246734,68.5,43250.0
69.2600528,41.2735022,55.0,37000.0
69.2601214,41.3042007,87.66666666666667,99250.0
69.2601886,41.3267124,65.63157894736842,53368.36842105263
69.2601933,41.2911414,76.602,71358.4857142857
69.26049,41.3747222,83.0,63000.0
69.2605146,41.2714311,78.0,85000.0
69.260746,41.3050864,69.83333333333333,74750.0
69.2611035,41.2911155,52.0,56000.0
69.2611824,41.327974,70.8,58940.0
69.2612589,41.2877746,82.66666666666667,81166.66666666667
69.2613523,41.2169022,58.5,29000.0
69.2616233,41.2789896,88.625,112462.5
69.2616787,41.3221852,70.125,64562.5
69.2618569,41.2926797,70.0,68000.0
69.2623015,41.3394051,82.0,80000.0
69.262388,41.296195,65.0,59166.666666666664
69.2624237,41.218274,70.41538461538461,31605.0
69.2624708,41.291835,75.0,68000.0
69.2626649,41.2929471,48.5,51000.0
69.2628549,41.2709232,82.0,56000.0
69.2628833,41.3377896,26.0,18500.0
69.2631768,41.2854202,91.27272727272727,101227.27272727272
69.2636285,41.3011918,92.0,93000.0
69.2637523,41.3464064,125.0,110000.0
69.2637958,41.3348171,65.0,45500.0
69.2638823,41.3051824,64.53846153846153,66679.48717948717
69.2639594,41.3068019,42.0,43000.0
69.2646587,41.3683947,64.875,41452.958333333336
69.264801,41.329792,100.0,85000.0
69.2648035,41.297791,82.0,75000.0
69.2650786,41.2444497,59.25,26756.5
69.2654037,41.3391066,91.0,55000.0
69.2660649,41.3701094,61.5,41500.0
69.2660932,41.3180593,78.0,98000.0
69.266136,41.30566,100.0,85000.0
69.266246,41.2845992,82.33333333333333,73983.33333333333
69.2665263,41.2834892,95.13115384615384,87163.34615384616
69.2672056,41.2829754,91.5,90000.0
69.2672197,41.3091112,62.5,60000.0
69.2674405,41.295209,66.0,61250.0
69.2675864,41.3093806,93.5,100000.0
69.2677819,41.3205336,80.0,105000.0
69.267908,41.296393,95.0,79000.0
69.2680561,41.3035042,105.45454545454545,107809.09090909091
69.268476,41.2968147,92.85714285714286,126285.71428571429
69.2687,41.3021647,74.0,69000.0
69.2689007,41.3314152,61.25,48875.0
69.2691287,41.3716355,59.144,37764.45714285714
69.2691667,41.3086111,85.86363636363636,102590.90909090909
69.2691785,41.2787427,90.5,99750.0
69.2695316,41.3137227,60.0,55000.0
69.269586,41.340598,190.0,72000.0
69.2696127,41.2879302,42.0,60000.0
69.2696327,41.3105263,86.25,76375.0
69.2697337,41.3209185,61.0,40750.0
69.2701272,41.3112269,76.30434782608695,45291.30434782609
69.270273,41.339878,75.0,78000.0
69.2703772,41.3311054,58.0,57000.0
69.2704038,41.3041021,70.2,77000.0
69.2704923,41.2854294,137.5,172500.0
69.2708313,41.3131267,98.33333333333333,94666.66666666667
69.2708495,41.294871,74.55,32375.0
69.2711001,41.2784172,92.83333333333333,99666.66666666667
69.2711332,41.3040665,125.0,290000.0
69.2711816,41.293424,130.0,80000.0
69.2712172,41.3013581,65.0,81500.0
69.2720649,41.3698253,60.0,40000.0
69.2724003,41.3224583,110.0,165000.0
69.2724037,41.2868928,65.0,48000.0
69.2724811,41.3671612,59.0,37000.0
69.2729002,41.2887143,50.0,60000.0
69.272947,41.3117686,65.0,64000.0
69.2729933,41.2890324,90.11111111111111,90777.77777777778
69.2730715,41.2983828,90.25,98833.33333333333
69.2731845,41.3053155,72.0,80000.0
69.2735043,41.3122819,60.0,42000.0
69.2739904,41.3270969,143.0,209750.0
69.2743143,41.2846588,90.44444444444444,81555.55555555556
69.2747161,41.3615759,68.75399999999999,47249.9
69.2750782,41.2897492,126.66666666666667,128333.33333333333
69.275364,41.295316,96.36111111111111,87545.81944444444
69.2757032,41.2908449,101.66666666666667,113000.0
69.275878,41.296644,84.67567567567568,89864.86486486487
69.2759999,41.3231488,72.33333333333333,44833.333333333336
69.2761613,41.2855152,78.8,82400.0
69.2765786,41.3766361,72.0,46875.0
69.2766433,41.3455167,50.0,32000.0
69.276825,41.2963881,107.6,143650.0
69.2769129,41.2910722,107.24090909090908,105521.12121212122
69.2769744,41.3181639,180.0,280000.0
69.2770895,41.3792157,46.0,30000.0
69.2771853,41.374408,67.009,43533.333333333336
69.2772063,41.3521537,83.5,57500.0
69.2773236,41.3197131,76.37058823529412,78204.6
69.2773236,41.3245206,84.39967032967033,83357.0989010989
69.2773236,41.3653679,71.21651162790698,52981.37209302326
69.2779052,41.294532,150.0,145000.0
69.2785087,41.2991561,102.0542372881356,120693.22033898305
69.2786182,41.2960597,78.33333333333333,78333.33333333333
69.2788341,41.3351524,200.0,220000.0
69.279218,41.3029081,94.05,94933.2
69.2792998,41.3028425,92.14285714285714,82714.28571428571
69.2795931,41.2920483,116.0,102200.0
69.2798373,41.3753451,45.0,24050.0
69.2799062,41.2679924,130.0,99000.0
69.2803036,41.3298867,83.49019607843137,78122.7843137255
69.2807015,41.2975234,105.0,170000.0
69.2810486,41.3714709,73.0,50316.666666666664
69.2811355,41.3614011,50.0,33500.0
69.2812915,41.3377063,66.0,75000.0
69.2816158,41.301487,120.0,164500.0
69.2817165,41.2895883,112.5,88500.0
69.2817965,41.3616967,64.14285714285714,52500.0
69.2820477,41.2772419,109.0,91500.0
69.2823935,41.3009974,120.0,165000.0
69.2824454,41.3365221,88.33333333333333,103800.0
69.2825052,41.3280586,132.0,65000.0
69.2825385,41.269586,80.33333333333333,50000.0
69.2826522,41.3078817,83.0,41500.0
69.2827199,41.2901478,114.18333333333334,75000.0
69.2830443,41.2930698,57.333333333333336,52000.0
69.2832772,41.3168156,74.0,63369.333333333336
69.2834698,41.29577,75.0,59000.0
69.2834991,41.3273897,100.0,88000.0
69.283656,41.3019672,97.0,129642.85714285714
69.2836951,41.2850116,66.4,43100.0
69.2837907,41.2981824,86.0,95214.28571428571
69.2840285,41.3804352,76.05263157894737,48342.10526315789
69.2843545,41.329933,45.0,40000.0
69.2844444,41.3188889,102.92666666666668,121466.66666666667
69.2844476,41.2962915,85.66666666666667,61425.0
69.2844798,41.3064081,91.25,107332.5
69.284744,41.337706,74.71428571428571,59142.857142857145
69.2855185,41.2460792,125.0,51000.0
69.2856753,41.3052026,81.6,84400.0
69.285686,41.3011646,68.33333333333333,60333.333333333336
69.2857074,41.307709,160.0,219000.0
69.2860196,41.3195679,60.0,35000.0
69.2861465,41.3243928,65.0,58000.0
69.286357,41.2983743,140.0,235000.0
69.2865609,41.3454697,99.86666666666666,95700.0
69.2867092,41.3103559,80.0,115000.0
69.2868879,41.28449,40.0,23500.0
69.2870704,41.3090182,65.0,58799.9
69.2873919,41.3507755,70.625,56297.5
69.2877728,41.2991133,130.6,171400.0
69.2877819,41.2989444,187.0,145000.0
69.2878747,41.3528936,41.0,26950.0
69.2884405,41.2986478,128.75,113750.0
69.2885211,41.3634707,76.0,48000.0
69.2888203,41.3057448,65.8,63000.0
69.289065,41.3249559,94.0,118000.0
69.2892434,41.3171406,68.09677419354838,66522.3870967742
69.2892434,41.3700057,61.194736842105264,51352.63157894737
69.2893379,41.2855755,110.0,110000.0
69.2893794,41.3117305,80.0,90000.0
69.2898134,41.3052221,90.4,98348.0
69.2898483,41.3115806,82.5,90000.0
69.2899884,41.246917,79.75,44050.0
69.2900702,41.2934028,81.33333333333333,62500.0
69.2904293,41.3143203,39.42857142857143,25014.0
69.2904538,41.3314325,110.0,96000.0
69.2904598,41.3322872,280.0,320000.0
69.2906958,41.3060918,62.875,59975.0
69.2907919,41.2754948,63.5,33250.0
69.2909975,41.362437,79.0,55000.0
69.2910424,41.3137673,56.666666666666664,72500.0
69.2910504,41.3120206,103.0,170000.0
69.2915505,41.3057745,87.5,84500.0
69.2916824,41.341492,63.0,42500.0
69.2917471,41.2866048,111.0,59486.0
69.2920884,41.3094573,66.66666666666667,69666.66666666667
69.2922234,41.3104865,74.62037037037037,82686.07407407407
69.2922234,41.3777696,70.08333333333333,46416.666666666664
69.2927161,41.3051119,140.0,230000.0
69.2928295,41.3356091,63.0,73000.0
69.2931935,41.3142351,94.0,125000.0
69.293391,41.314662,64.86538461538461,53981.63461538462
69.293694,41.369675,74.4,57900.0
69.2937067,41.3143296,94.0,85000.0
69.2937133,41.2758912,97.41573033707866,98796.58426966293
69.2940115,41.3206957,94.0,118000.0
69.2942247,41.3180348,67.0,52000.0
69.2942285,41.325724,91.42857142857143,136000.0
69.2943209,41.3000778,65.0,60000.0
69.2944545,41.3604714,21.0,12500.0
69.2944583,41.363177,82.7325,58027.75
69.2946446,41.3125933,55.0,35000.0
69.2946599,41.2913335,65.0,29500.0
69.2948592,41.3173835,82.2,64200.0
69.294961,41.2679301,51.333333333333336,31100.0
69.2951929,41.3201651,85.0,130750.0
69.2953473,41.2759614,95.875,74812.375
69.2956638,41.3795538,33.0,21800.0
69.296941,41.282487,48.0,38500.0
69.2972856,41.3248901,120.66666666666667,220666.66666666666
69.2981832,41.2466472,68.0,48000.0
69.2981832,41.3692799,68.42307692307692,45884.53846153846
69.2982672,41.3242397,110.3,139100.0
69.298313,41.324301,103.0,167500.0
69.2985928,41.3196336,76.83333333333333,74533.33333333333
69.2992286,41.2730207,75.0,55000.0
69.2993794,41.3203273,179.66666666666666,144000.0
69.2996732,41.3587493,72.36589743589744,50282.05128205128
69.300233,41.285135,111.75,66000.0
69.300675,41.3614404,101.0,61775.0
69.3013941,41.3610095,65.0,34000.0
69.3013967,41.3200874,97.62068965517241,93172.41379310345
69.3014547,41.3194846,102.4,101800.0
69.3016243,41.2478256,38.0,23000.0
69.3016346,41.2499464,92.0,60000.0
69.301793,41.3279327,100.5,104961.0
69.3019081,41.3825869,81.73333333333333,49526.666666666664
69.3020656,41.3163152,131.875,155074.125
69.303611,41.322142,63.1,54103.379310344826
69.303727,41.3209122,82.16666666666667,85138.83333333333
69.3038473,41.3742504,99.5,96500.0
69.3041431,41.3776023,66.5095,45460.0
69.3041867,41.3682259,142.5,93500.0
69.3043864,41.2994942,39.0,28000.0
69.3046892,41.3200105,87.86666666666667,83000.0
69.3048756,41.3275712,103.14285714285714,150714.2857142857
69.304888,41.2509119,47.2,28700.0
69.3049768,41.2799769,88.875,95750.0
69.3056796,41.3310007,76.5,68500.0
69.3056819,41.3024361,26.0,22000.0
69.3056839,41.3306034,90.0,75000.0
69.3057436,41.3740552,82.96,53000.0
69.3057451,41.2788072,101.8,88999.8
69.3059135,41.3815703,95.0,62000.0
69.3059645,41.3745048,60.0,44000.0
69.3066063,41.3200795,76.285,63500.0
69.307123,41.2459142,67.1225,41812.5
69.307123,41.3709551,90.0,53458.333333333336
69.3078679,41.3080076,49.1875,41893.75
69.3081129,41.2652378,72.0,50000.0
69.3085324,41.3444467,97.026,69199.4
69.3092476,41.3312004,76.03333333333333,69433.33333333333
69.3095569,41.2727183,100.0,145000.0
69.309823,41.3057763,71.5,29504.0
69.309876,41.244975,59.0,24000.0
69.3099734,41.273215,58.333333333333336,35100.0
69.3101022,41.3693331,75.59,43750.0
69.3101029,41.3667092,77.44444444444444,57055.555555555555
69.3102822,41.3163874,69.0,33000.0
69.3104029,41.3665268,45.0,39500.0
69.31065,41.2448439,56.0,28100.0
69.3108478,41.2508242,59.2,36079.8
69.3112245,41.382776,109.0,49000.0
69.3122292,41.3222503,65.0,55000.0
69.3135716,41.3224313,60.0,58000.0
69.3139155,41.2671043,54.806,32600.0
69.3139762,41.3025378,78.0,45750.0
69.3139918,41.2447097,43.0,20800.0
69.3153147,41.2745798,29.7,20500.0
69.3155672,41.309332,53.333333333333336,33366.666666666664
69.3159192,41.3123276,88.3529411764706,55970.58823529412
69.3160626,41.2475877,54.5,33100.0
69.3160626,41.3750315,76.256,46825.0
69.3160808,41.2960584,153.11111111111111,133111.11111111112
69.3186235,41.3183996,70.0,56000.0
69.3190425,41.3707855,62.0,42796.2962962963
69.319348,41.320031,35.0,24500.0
69.3200203,41.3196379,88.03166666666667,72500.0
69.3216088,41.2942588,112.5,69000.0
69.3217229,41.3245987,60.0,42000.0
69.321861,41.3208443,30.0,30000.0
69.3227629,41.3043723,74.0,59500.0
69.3228615,41.3146381,81.1745238095238,62294.04761904762
69.3230626,41.3215876,53.41935483870968,38064.3870967742
69.3234929,41.31512,88.06625,60831.25
69.3235123,41.286283,66.0701754385965,43829.491228070176
69.3235746,41.3133669,92.45341463414634,71705.9268292683
69.3239168,41.3245562,36.5,23624.75
69.324458,41.3317732,67.25,45097.5
69.3246067,41.3284788,62.0,51498.0
69.3246635,41.319567,46.714285714285715,32290.380952380954
69.3250022,41.3118164,85.0,54833.333333333336
69.3252798,41.333139,44.4,30600.2
69.3259097,41.3267921,70.0,61000.0
69.326185,41.324026,67.77777777777777,52587.77777777778
69.3273749,41.319256,115.0,115000.0
69.327542,41.3261864,65.75,56375.0
69.3276565,41.2425407,140.0,58000.0
69.3279791,41.3169199,102.83333333333333,82583.33333333333
69.3284448,41.2498176,50.0,24000.0
69.3285142,41.3112105,86.0,89000.0
69.3286094,41.3332552,80.0,50500.0
69.3289081,41.290228,51.0,43250.0
69.329196,41.3373845,64.71428571428571,60857.142857142855
69.329571,41.341463,26.0,17000.0
69.3295723,41.2712086,59.5,26000.0
69.3296254,41.2372743,100.0,44900.0
69.330217,41.3398383,29.0,24000.0
69.3303798,41.3124784,105.0,63450.0
69.330557,41.351741,35.0,24500.0
69.3312541,41.3105015,91.33333333333333,72333.33333333333
69.331719,41.239092,91.66666666666667,57333.333333333336
69.3323894,41.3462538,48.666666666666664,41333.333333333336
69.3328133,41.3466485,111.21666666666667,79214.93333333333
69.3328188,41.3287119,65.0,47000.0
69.3330106,41.3317977,24.0,14000.0
69.3331577,41.3310735,77.0,65000.0
69.3341149,41.3108224,71.71428571428571,60571.42857142857
69.334203,41.3087106,67.5,40850.0
69.3343334,41.3337428,72.0,58000.0
69.3346235,41.310115,110.0,85000.0
69.3350592,41.3326316,60.0,31500.0
69.3354166,41.3076457,76.0,61413.0
69.335535,41.327222,46.0,35000.0
69.3361766,41.3649834,51.0,32500.0
69.3365491,41.3293043,40.0,34000.0
69.3366373,41.3129503,170.5,123500.0
69.3377138,41.3067626,82.0,58000.0
69.3382775,41.2810181,84.0,45000.0
69.3389519,41.3392308,47.75,40000.0
69.3394016,41.3440562,34.0,20500.0
69.3396252,41.3212008,79.0,45000.0
69.3396301,41.347516,72.0,46000.0
69.3398726,41.3238119,70.5,53000.0
69.3401073,41.3184239,65.0,55000.0
69.340163,41.339688,52.36363636363637,34272.72727272727
69.3401778,41.2940271,55.0,30800.0
69.3406464,41.2888862,46.0,28500.0
69.3413913,41.236675,35.5,22550.0
69.3415733,41.2785565,50.199999999999996,18949.428571428572
69.3418087,41.2966518,53.3525,28750.0
69.3419071,41.2922516,55.63276595744681,36586.59574468085
69.341948,41.341996,60.0,55000.0
69.3425087,41.3520511,86.0,50000.0
69.3434849,41.2896055,51.9575,33779.95
69.34359,41.3357758,62.888888888888886,60611.11111111111
69.3437258,41.2535107,57.833333333333336,26083.333333333332
69.3438785,41.3129727,82.66666666666667,58333.333333333336
69.3439999,41.3015152,67.0,39000.0
69.3443711,41.3502965,28.0,23500.0
69.3443969,41.2889821,66.25,41500.0
69.3445023,41.289028,77.0,50000.0
69.3447348,41.3445193,48.666666666666664,30285.185185185186
69.3450695,41.3448318,30.0,25000.0
69.3453112,41.34507,32.5,22500.0
69.3456065,41.2984421,81.625,62687.5
69.345861,41.2964765,46.25,32125.0
69.3467324,41.3482223,29.0,23990.0
69.3473509,41.3292204,65.38068965517242,45477.36781609195
69.3490899,41.2668347,48.0,18385.0
69.3491897,41.2853546,55.44444444444444,29322.222222222223
69.3492091,41.2837457,78.0,38500.0
69.3496224,41.2832159,54.0,40000.0
69.3499338,41.2874096,66.2,34160.0
69.3512693,41.2778157,50.0,23000.0
69.3519255,41.3531944,34.260000000000005,20220.0
69.3525647,41.2585846,72.0,46000.0
69.3531692,41.2694532,73.72222222222223,31738.88888888889
69.3548004,41.3606566,53.794117647058826,36988.117647058825
69.3550372,41.334934,70.0,40500.0
69.3556865,41.265404,68.205,27738.5
69.3570255,41.3423004,60.0,32000.0
69.3577802,41.2987036,62.333333333333336,34540.75
69.3582459,41.3470548,35.0,30000.0
69.3585936,41.3550649,56.83657534246575,35745.69863013698
69.3602729,41.3351692,86.0,63000.0
69.3607584,41.3422244,72.5,53125.0
69.3607599,41.292043,78.0,43333.166666666664
69.3625524,41.3318165,61.0,42000.0
69.363559,41.354643,58.46666666666667,35600.0
69.3635622,41.3483691,55.666666666666664,37166.666666666664
69.3644846,41.3318205,66.29235294117647,45117.64705882353
69.3649686,41.2968466,62.333333333333336,41998.666666666664
69.3659745,41.294821,73.29230769230769,42854.61538461538
69.3673417,41.3604641,64.61666666666666,37650.0
69.3675816,41.3576548,62.625,38150.0
69.3683508,41.3254873,140.0,70000.0
69.3688617,41.3351702,79.5,51123.0
69.3689542,41.3326551,82.70777777777778,55460.0
69.3696992,41.3802576,44.92307692307692,29797.0
69.3726789,41.3375577,76.0156862745098,49159.78431372549
69.3734238,41.3322873,79.0,43333.166666666664
69.3759135,41.2549462,75.0,33000.0
69.3789461,41.3380839,71.83333333333333,43957.583333333336
69.3809254,41.3625743,50.0,28000.0
69.3845977,41.3542045,55.333333333333336,29966.666666666668
69.3851063,41.3539037,80.0,55000.0
69.3854653,41.3595967,43.5,27250.0
69.3860684,41.34932,51.25,31346.0
69.3864972,41.3537224,70.0,36000.0
69.3875774,41.3427418,76.5,42638.944444444445
69.3875774,41.3475495,78.70833333333333,43112.5
69.3875774,41.3619703,60.644285714285715,42485.71428571428
69.387902,41.3593333,50.0,33000.0
69.3898602,41.3379184,101.625,114250.0
69.3935368,41.3582753,42.0,27750.0
69.4292923,41.4153867,104.66666666666667,70333.33333333333
69.4516388,41.4087377,56.666666666666664,25666.666666666668
69.4635568,41.3869298,68.0,24000.0
69.5320824,41.3202859,40.0,20000.0
69.5886868,41.4245218,45.82,29000.0
